{
  "session_date": "2025-12-08T02:12:02.129105",
  "mode": "Freestyle",
  "activity": null,
  "performance": {
    "total_reps": 0
  },
  "gait_metrics": {
    "cadence_spm": 202.73519614280016,
    "symmetry_index": 0.0,
    "step_time_left": 0.29595255851745605,
    "step_time_right": 0.29595255851745605
  },
  "system_info": {
    "model": "MoveNet_Lightning",
    "input_resolution": [
      1280,
      720
    ]
  }
}