{
  "series_by_joint": {
    "left_hip": [
      0.496768,
      0.475979,
      0.453231,
      0.475979
    ],
    "right_hip": [
      0.496158,
      0.473223,
      0.450713,
      0.473223
    ],
    "left_knee": [
      0.70096,
      0.674843,
      0.648775,
      0.674843
    ],
    "right_knee": [
      0.69704,
      0.672185,
      0.64362,
      0.672185
    ],
    "left_ankle": [
      0.896918,
      0.871337,
      0.871337
    ],
    "right_ankle": [
      0.88298,
      0.85397,
      0.836864,
      0.85397
    ]
  }
}