{
  "series_by_joint": {
    "nose": [
      0.209726,
      0.223695,
      0.206683,
      0.186833,
      0.223525,
      0.255812,
      0.223525,
      0.186833,
      0.206683,
      0.223695,
      0.223695,
      0.209726
    ],
    "left_eye": [
      0.196034,
      0.208228,
      0.19131,
      0.172694,
      0.209671,
      0.209671,
      0.172694,
      0.19131,
      0.208228,
      0.208228,
      0.196034
    ],
    "left_ear": [
      0.204421,
      0.219363,
      0.195948,
      0.174139,
      0.217425,
      0.26465,
      0.217425,
      0.174139,
      0.195948,
      0.219363,
      0.219363,
      0.204421
    ],
    "right_ear": [
      0.206297,
      0.219596,
      0.195275,
      0.173845,
      0.218164,
      0.261353,
      0.218164,
      0.173845,
      0.195275,
      0.219596,
      0.219596,
      0.206297
    ],
    "left_shoulder": [
      0.276582,
      0.293222,
      0.27162,
      0.233348,
      0.270615,
      0.314818,
      0.270615,
      0.233348,
      0.27162,
      0.293222,
      0.293222,
      0.276582
    ],
    "right_shoulder": [
      0.28178,
      0.295626,
      0.277199,
      0.234106,
      0.277225,
      0.318806,
      0.277225,
      0.234106,
      0.277199,
      0.295626,
      0.295626,
      0.28178
    ],
    "left_elbow": [
      0.383155,
      0.39216,
      0.350007,
      0.245843,
      0.203409,
      0.209679,
      0.203409,
      0.245843,
      0.350007,
      0.39216,
      0.39216,
      0.383155
    ],
    "right_elbow": [
      0.385411,
      0.391495,
      0.355254,
      0.245802,
      0.245802,
      0.355254,
      0.391495,
      0.391495,
      0.385411
    ],
    "left_wrist": [
      0.494327,
      0.480809,
      0.363659,
      0.198408,
      0.120505,
      0.135975,
      0.120505,
      0.198408,
      0.363659,
      0.480809,
      0.480809,
      0.494327
    ],
    "right_wrist": [
      0.47506,
      0.473722,
      0.358684,
      0.196225,
      0.108416,
      0.130978,
      0.108416,
      0.196225,
      0.358684,
      0.473722,
      0.473722,
      0.47506
    ],
    "left_hip": [
      0.484551,
      0.488657,
      0.476549,
      0.455007,
      0.487422,
      0.516513,
      0.487422,
      0.455007,
      0.476549,
      0.488657,
      0.488657,
      0.484551
    ],
    "right_hip": [
      0.483907,
      0.488114,
      0.473847,
      0.456663,
      0.487421,
      0.515678,
      0.487421,
      0.456663,
      0.473847,
      0.488114,
      0.488114,
      0.483907
    ],
    "left_knee": [
      0.648542,
      0.661111,
      0.640871,
      0.617243,
      0.636284,
      0.671125,
      0.636284,
      0.617243,
      0.640871,
      0.661111,
      0.661111,
      0.648542
    ],
    "right_knee": [
      0.649683,
      0.662358,
      0.63787,
      0.615189,
      0.642741,
      0.673911,
      0.642741,
      0.615189,
      0.63787,
      0.662358,
      0.662358,
      0.649683
    ],
    "left_ankle": [
      0.81393,
      0.816889,
      0.794777,
      0.763867,
      0.77885,
      0.806153,
      0.77885,
      0.763867,
      0.794777,
      0.816889,
      0.816889,
      0.81393
    ],
    "right_ankle": [
      0.807398,
      0.819548,
      0.791743,
      0.758407,
      0.781213,
      0.815537,
      0.781213,
      0.758407,
      0.791743,
      0.819548,
      0.819548,
      0.807398
    ],
    "right_eye": [
      0.189197,
      0.170149,
      0.207626,
      0.24804,
      0.207626,
      0.170149,
      0.189197
    ]
  }
}