{
  "series_by_joint": {
    
    "left_shoulder": [
      0.220418,
      0.220373,
      0.460788,
      0.501303,
      0.549478,
      0.56619,
      0.631046,
      0.643601,
      0.633802,
      0.563204,
      0.549189,
      0.499482,
      0.459135,
      0.220494,
      0.220457
    ],
    "right_shoulder": [
      0.228755,
      0.228692,
      0.347049,
      0.384913,
      0.46839,
      0.503545,
      0.555315,
      0.573361,
      0.628595,
      0.64754,
      0.571576,
      0.554857,
      0.502823,
      0.465773,
      0.228765,
      0.228744
    ],
    "right_wrist": [
      0.476493,
      0.476494,
      0.493387,
      0.521971,
      0.567031,
      0.622732,
      0.645158,
      0.722982,
      0.7352,
      0.782007,
      0.817562,
      0.881514,
      0.888622,
      0.881573,
      0.810046,
      0.781,
      0.735133,
      0.720551,
      0.682151,
      0.644999,
      0.627278,
      0.567439,
      0.521137,
      0.493358,
      0.476157,
      0.476159
    ],
    "right_hip": [
      0.478432,
      0.478427,
      0.4894,
      0.49209,
      0.481014,
      0.474294,
      0.471625,
      0.470135,
      0.467811,
      0.462058,
      0.470106,
      0.471891,
      0.471398,
      0.469534,
      0.46685,
      0.465249,
      0.467473,
      0.469922,
      0.472739,
      0.473001,
      0.47976,
      0.479154,
      0.490146,
      0.490632,
      0.478558,
      0.478565
    ],
   
    "left_knee": [
      0.690944,
      0.69309,
      0.677363,
      0.67165,
      0.675742,
      0.670593,
      0.665606,
      0.659532,
      0.675334,
      0.684151,
      0.687186,
      0.683937,
      0.681466,
      0.679561,
      0.657272,
      0.671899,
      0.671624,
      0.675181,
      0.667684,
      0.680092,
      0.685613
    ],
    
    "left_hip": [
      0.491768,
      0.478393,
      0.464069,
      0.462459,
      0.47081,
      0.472645,
      0.469076,
      0.470293,
      0.46813,
      0.465404,
      0.462849,
      0.476053,
      0.49026
    ],
    "right_knee": [
      0.693434,
      0.682356,
      0.678463,
      0.683373,
      0.677874,
      0.670771,
      0.665424,
      0.673103,
      0.685496,
      0.683468,
      0.672614,
      0.682166,
      0.680756,
      0.676147,
      0.662568,
      0.676551,
      0.678579,
      0.682624,
      0.674467
    ],
    "right_elbow": [
      0.532277,
      0.569451,
      0.637023,
      0.677335,
      0.698358,
      0.77244,
      0.772051,
      0.697037,
      0.67662,
      0.635665,
      0.569794,
      0.533092
    ],
    
    "left_elbow": [
      0.608959,
      0.636824,
      0.673532,
      0.697181,
      0.766985,
      0.763295,
      0.695942,
      0.668924,
      0.636117,
      0.608851,
      0.562109
    ],
    "left_wrist": [
      0.72259,
      0.734507,
      0.863954,
      0.862327,
      0.865081,
      0.803894,
      0.771371,
      0.733771,
      0.72053
    ]
  }
}