{
  "series_by_joint": {
    "nose": [
      0.089587,
      0.088817,
      0.088893,
      0.088452,
      0.088909,
      0.093277,
      0.09585,
      0.100271,
      0.109899,
      0.117094,
      0.135284,
      0.150228,
      0.173854,
      0.18821,
      0.204726,
      0.232633,
      0.245797,
      0.294704,
      0.333419,
      0.364454,
      0.366656,
      0.364166,
      0.35809,
      0.351925,
      0.333385,
      0.323747,
      0.294325,
      0.23262,
      0.221022,
      0.18895,
      0.174915,
      0.162312,
      0.135085,
      0.126649,
      0.109177,
      0.096407,
      0.089516,
      0.088708
    ],
    "left_eye": [
      0.072365,
      0.072013,
      0.072071,
      0.071794,
      0.072334,
      0.074515,
      0.077672,
      0.085716,
      0.092827,
      0.101721,
      0.119175,
      0.131872,
      0.156983,
      0.170568,
      0.185431,
      0.214324,
      0.22998,
      0.262707,
      0.277946,
      0.294107,
      0.314507,
      0.339041,
      0.34615,
      0.349088,
      0.346191,
      0.339731,
      0.333501,
      0.314277,
      0.306962,
      0.277899,
      0.24734,
      0.214331,
      0.201224,
      0.170921,
      0.157463,
      0.145524,
      0.119262,
      0.109845,
      0.091812,
      0.080241,
      0.074026,
      0.072287,
      0.0716
    ],
    "right_eye": [
      0.072131,
      0.071655,
      0.071524,
      0.071487,
      0.072102,
      0.074352,
      0.07718,
      0.084034,
      0.092282,
      0.099816,
      0.117585,
      0.130765,
      0.15379,
      0.171239,
      0.185623,
      0.213714,
      0.227195,
      0.261078,
      0.276258,
      0.2908,
      0.312483,
      0.337752,
      0.344208,
      0.345699,
      0.343838,
      0.338659,
      0.33161,
      0.311507,
      0.303983,
      0.275622,
      0.245683,
      0.214068,
      0.200657,
      0.171292,
      0.154481,
      0.143431,
      0.118151,
      0.107276,
      0.092382,
      0.078907,
      0.074659,
      0.072484,
      0.072068
    ],
    "right_ear": [
      0.089545,
      0.089092,
      0.088942,
      0.089075,
      0.089868,
      0.092264,
      0.096829,
      0.105572,
      0.113592,
      0.11929,
      0.136962,
      0.149774,
      0.174071,
      0.188812,
      0.201382,
      0.231256,
      0.249021,
      0.279591,
      0.293586,
      0.306449,
      0.327884,
      0.353543,
      0.357529,
      0.360005,
      0.356988,
      0.353972,
      0.346184,
      0.328267,
      0.318756,
      0.291575,
      0.264796,
      0.231383,
      0.216225,
      0.187431,
      0.174899,
      0.161396,
      0.138024,
      0.128831,
      0.114686,
      0.101738,
      0.090271,
      0.08994
    ],
    "left_shoulder": [
      0.201859,
      0.202151,
      0.203354,
      0.201672,
      0.201746,
      0.203856,
      0.205446,
      0.214958,
      0.22164,
      0.232005,
      0.24674,
      0.251329,
      0.275425,
      0.286988,
      0.300246,
      0.332862,
      0.347744,
      0.377123,
      0.385225,
      0.399226,
      0.424619,
      0.448962,
      0.458346,
      0.457885,
      0.456726,
      0.448715,
      0.443108,
      0.423585,
      0.411027,
      0.385389,
      0.363561,
      0.333085,
      0.316842,
      0.286923,
      0.273404,
      0.262555,
      0.247774,
      0.238163,
      0.217349,
      0.212838,
      0.20606,
      0.203824,
      0.202035
    ],
    "right_shoulder": [
      0.204361,
      0.205448,
      0.205184,
      0.206725,
      0.205241,
      0.205487,
      0.208441,
      0.21554,
      0.224661,
      0.23474,
      0.249715,
      0.255185,
      0.274552,
      0.288535,
      0.302299,
      0.328122,
      0.348702,
      0.375932,
      0.387182,
      0.399683,
      0.415066,
      0.438073,
      0.447015,
      0.448105,
      0.445493,
      0.438097,
      0.432593,
      0.41263,
      0.408623,
      0.387678,
      0.364535,
      0.327684,
      0.314136,
      0.286751,
      0.271713,
      0.263694,
      0.250342,
      0.241382,
      0.220969,
      0.211104,
      0.206786,
      0.204502,
      0.202929
    ],
    "left_elbow": [
      0.345629,
      0.341993,
      0.342149,
      0.340628,
      0.340517,
      0.337228,
      0.33256,
      0.33437,
      0.341519,
      0.344356,
      0.36381,
      0.37313,
      0.387589,
      0.396254,
      0.407634,
      0.431691,
      0.442558,
      0.470758,
      0.486073,
      0.501796,
      0.535949,
      0.564935,
      0.572337,
      0.575682,
      0.573853,
      0.568195,
      0.552051,
      0.535333,
      0.518131,
      0.485225,
      0.458048,
      0.432321,
      0.419034,
      0.396937,
      0.38777,
      0.380338,
      0.362889,
      0.35875,
      0.34167,
      0.334577,
      0.33695,
      0.341345,
      0.342992
    ],
    "right_elbow": [
      0.342319,
      0.339834,
      0.336621,
      0.336264,
      0.3336,
      0.330313,
      0.338977,
      0.349161,
      0.347997,
      0.359921,
      0.376755,
      0.377767,
      0.392328,
      0.405056,
      0.41333,
      0.430996,
      0.441843,
      0.470464,
      0.487414,
      0.499035,
      0.533008,
      0.552669,
      0.555549,
      0.557984,
      0.55619,
      0.553786,
      0.54486,
      0.534642,
      0.515307,
      0.485618,
      0.459059,
      0.430211,
      0.424539,
      0.403927,
      0.392575,
      0.385316,
      0.376292,
      0.372841,
      0.348452,
      0.339806,
      0.328518,
      0.332847,
      0.336208
    ],
    "left_wrist": [
      0.466677,
      0.461311,
      0.46325,
      0.462791,
      0.456811,
      0.445484,
      0.43465,
      0.40447,
      0.391084,
      0.373509,
      0.345197,
      0.333944,
      0.316186,
      0.31369,
      0.33521,
      0.347089,
      0.381432,
      0.386535,
      0.402089,
      0.420789,
      0.439791,
      0.446587,
      0.449587,
      0.447634,
      0.447063,
      0.442878,
      0.421722,
      0.40655,
      0.383812,
      0.362287,
      0.336026,
      0.32376,
      0.312377,
      0.316523,
      0.321625,
      0.390933,
      0.443855,
      0.455296,
      0.459935
    ],
    "right_wrist": [
      0.465731,
      0.463407,
      0.462214,
      0.458042,
      0.457048,
      0.443435,
      0.435217,
      0.42081,
      0.383723,
      0.368896,
      0.345327,
      0.334827,
      0.31194,
      0.316802,
      0.32197,
      0.337733,
      0.341672,
      0.37718,
      0.389542,
      0.398399,
      0.424684,
      0.449617,
      0.45262,
      0.45691,
      0.453666,
      0.449587,
      0.443642,
      0.424333,
      0.405816,
      0.389613,
      0.358541,
      0.336213,
      0.326144,
      0.313971,
      0.309461,
      0.311299,
      0.345525,
      0.353044,
      0.387444,
      0.430866,
      0.445024,
      0.45762,
      0.460921
    ],
    "left_hip": [
      0.438643,
      0.438903,
      0.439569,
      0.440057,
      0.440263,
      0.439697,
      0.445903,
      0.4568,
      0.465043,
      0.477853,
      0.498298,
      0.505388,
      0.526627,
      0.534473,
      0.542313,
      0.55822,
      0.571735,
      0.589217,
      0.60287,
      0.612607,
      0.627867,
      0.640554,
      0.641783,
      0.643423,
      0.641645,
      0.640866,
      0.640152,
      0.626758,
      0.618762,
      0.605045,
      0.582613,
      0.558632,
      0.550697,
      0.533757,
      0.524103,
      0.516649,
      0.497134,
      0.489379,
      0.465324,
      0.450288,
      0.438453,
      0.438968,
      0.441563
    ],