{
  "session_date": "2025-12-08T02:00:03.083085",
  "mode": "Freestyle",
  "activity": null,
  "performance": {
    "total_reps": 0
  },
  "gait_metrics": {
    "cadence_spm": 174.5188250860603,
    "symmetry_index": 27.91605264837513,
    "step_time_left": 0.29581427574157715,
    "step_time_right": 0.39179062843322754
  },
  "system_info": {
    "model": "MoveNet_Lightning",
    "input_resolution": [
      1280,
      720
    ]
  }
}