{
  "session_date": "2025-12-08T02:00:54.983191",
  "mode": "Freestyle",
  "activity": null,
  "performance": {
    "total_reps": 0
  },
  "gait_metrics": {
    "cadence_spm": 80.87898582711682,
    "symmetry_index": 93.23359568996665,
    "step_time_left": 1.0876758098602295,
    "step_time_right": 0.39602231979370117
  },
  "system_info": {
    "model": "MoveNet_Lightning",
    "input_resolution": [
      1280,
      720
    ]
  }
}