{
  "series_by_joint": {
     "left_shoulder": [
      0.221067,
      0.222385,
      0.221756,
      0.221193,
      0.2331,
      0.225406,
      0.213176,
      0.211089,
      0.215277,
      0.220254,
      0.213604,
      0.216312,
      0.217943,
      0.215318,
      0.215079,
      0.221365,
      0.218464,
      0.221902,
      0.222556,
      0.221393,
      0.2185,
      0.219114,
      0.217958,
      0.216755,
      0.206373,
      0.217168,
      0.211664,
      0.207297,
      0.207647,
      0.209177,
      0.205077,
      0.205395,
      0.196776,
      0.197756,
      0.204131,
      0.207219,
      0.205087,
      0.190019,
      0.216981,
      0.21054,
      0.208605,
      0.204177,
      0.206056,
      0.200339,
      0.194833,
      0.193082,
      0.206237,
      0.206772,
      0.200735,
      0.207846,
      0.207782,
      0.196564,
      0.203723,
      0.207017,
      0.196317,
      0.195943,
      0.204457,
      0.204523,
      0.202306,
      0.199286,
      0.202132,
      0.201061,
      0.199409
    ],
    "right_shoulder": [
      0.226249,
      0.227161,
      0.227192,
      0.226925,
      0.233453,
      0.229143,
      0.218416,
      0.211788,
      0.218395,
      0.223536,
      0.219311,
      0.223045,
      0.222108,
      0.218811,
      0.218695,
      0.223103,
      0.224541,
      0.223788,
      0.223134,
      0.222935,
      0.223039,
      0.22201,
      0.220981,
      0.220532,
      0.221061,
      0.223222,
      0.223319,
      0.222653,
      0.219604,
      0.212731,
      0.212281,
      0.213748,
      0.209073,
      0.208017,
      0.215986,
      0.211539,
      0.210228,
      0.202716,
      0.204231,
      0.209532,
      0.210903,
      0.203027,
      0.210242,
      0.206939,
      0.20199,
      0.213692,
      0.208203,
      0.204806,
      0.205018,
      0.20032,
      0.210873,
      0.210306,
      0.198707,
      0.20961,
      0.209277,
      0.198859,
      0.206682,
      0.207883,
      0.202189,
      0.201516,
      0.206661,
      0.207213,
      0.210118,
      0.205708,
      0.205471,
      0.202225,
      0.204831
    ],
    "left_elbow": [
      0.353993,
      0.351477,
      0.352286,
      0.359038,
      0.333126,
      0.281174,
      0.251943,
      0.247392,
      0.237744,
      0.247932,
      0.247968,
      0.243411,
      0.233966,
      0.232482,
      0.237378,
      0.237617,
      0.245297,
      0.245393,
      0.242086,
      0.233728,
      0.299807,
      0.23595,
      0.246126,
      0.247373,
      0.245082,
      0.249074,
      0.263429,
      0.230935
    ],
    "right_elbow": [
      0.351568,
      0.351796,
      0.352343,
      0.352587,
      0.29292,
      0.25116,
      0.263754,
      0.264503,
      0.264917,
      0.264492,
      0.257721,
      0.283137,
      0.260039,
      0.255315,
      0.256887,
      0.259577,
      0.265747,
      0.261805,
      0.249875,
      0.239344,
      0.285931,
      0.255371,
      0.253056,
      0.268646,
      0.269695,
      0.265743,
      0.256326,
      0.261605,
      0.251899,
      0.24811,
      0.252572,
      0.256435,
      0.253071,
      0.274206,
      0.256706
    ],
    "right_wrist": [
      0.463608,
      0.464138,
      0.464901,
      0.429422,
      0.315659,
      0.229881,
      0.247252,
      0.247023,
      0.247107,
      0.247211,
      0.247482,
      0.24748,
      0.247362,
      0.238236,
      0.256348,
      0.27283,
      0.281683,
      0.275798,
      0.254279,
      0.242083,
      0.291018,
      0.292027,
      0.262145,
      0.265098,
      0.276283,
      0.286433,
      0.278946,
      0.272037,
      0.290109,
      0.288856,
      0.248979,
      0.252059,
      0.266175,
      0.275177,
      0.266958,
      0.272705,
      0.306956,
      0.302347,
      0.261639
    ],
    "left_hip": [
      0.452997,
      0.452106,
      0.452817,
      0.448454,
      0.446845,
      0.445033,
      0.443794,
      0.447624,
      0.448628,
      0.447448,
      0.450339,
      0.451532,
      0.446621,
      0.449807,
      0.447761,
      0.445459,
      0.446135,
      0.447904,
      0.447351,
      0.445795,
      0.446375,
      0.444847,
      0.444067,
      0.44484,
      0.446872,
      0.446637,
      0.447893,
      0.449045,
      0.447242,
      0.448385,
      0.451157,
      0.450474,
      0.444252,
      0.450899,
      0.451237,
      0.448895,
      0.449173,
      0.445724,
      0.444147,
      0.444199,
      0.444667,
      0.446579,
      0.437859,
      0.451511,
      0.450742,
      0.448558,
      0.446666,
      0.447823,
      0.449867,
      0.44902,
      0.445873,
      0.444256,
      0.447298,
      0.436071,
      0.445896,
      0.451093,
      0.443685,
      0.444859,
      0.443861,
      0.446738,
      0.446204,
      0.444916,
      0.447173,
      0.422759,
      0.443064,
      0.443438,
      0.43271,
      0.443543
    ],
    "right_hip": [
      0.453973,
      0.452716,
      0.453899,
      0.451039,
      0.450858,
      0.44802,
      0.44479,
      0.447525,
      0.448017,
      0.44723,
      0.449476,
      0.451014,
      0.446257,
      0.449517,
      0.448374,
      0.445625,
      0.446241,
      0.447166,
      0.447291,
      0.445646,
      0.446249,
      0.445091,
      0.443874,
      0.444194,
      0.44574,
      0.445593,
      0.446233,
      0.447567,
      0.446923,
      0.449207,
      0.453779,
      0.451992,
      0.444776,
      0.452566,
      0.450888,
      0.451049,
      0.451096,
      0.448057,
      0.446194,
      0.446313,
      0.446194,
      0.446127,
      0.439296,
      0.45295,
      0.451578,
      0.449893,
      0.445568,
      0.449855,
      0.452233,
      0.451205,
      0.448412,
      0.445359,
      0.448457,
      0.438624,
      0.448276,
      0.451535,
      0.442893,
      0.446849,
      0.444692,
      0.448616,
      0.448282,
      0.446093,
      0.447432,
      0.423291,
      0.443267,
      0.443815,
      0.43227,
      0.445965
    ],
    "left_knee": [
      0.619718,
      0.622548,
      0.618872,
      0.61988,
      0.620072,
      0.614301,
      0.610086,
      0.608755,
      0.611168,
      0.60879,
      0.611105,
      0.610609,
      0.61167,
      0.613267,
      0.610688,
      0.612699,
      0.612913,
      0.610591,
      0.611284,
      0.612079,
      0.611751,
      0.612081,
      0.611007,
      0.612647,
      0.612669,
      0.611272,
      0.610255,
      0.611627,
      0.612679,
      0.618617,
      0.626193,
      0.615406,
      0.613911,
      0.624483,
      0.614899,
      0.614731,
      0.616075,
      0.615398,
      0.614531,
      0.61492,
      0.61609,
      0.613437,
      0.612678,
      0.620396,
      0.620145,
      0.61965,
      0.61315,
      0.615014,
      0.616915,
      0.618089,
      0.616411,
      0.61553,
      0.6159,
      0.613125,
      0.622015,
      0.620069,
      0.613885,
      0.61511,
      0.613792,
      0.616953,
      0.616155,
      0.614359,
      0.613764,
      0.607053,
      0.614448,
      0.61518,
      0.615625,
      0.614799
    ],